<window type="dialog">
    <defaultcontrol>3009</defaultcontrol>
    <coordinates>
        <left>0</left>
        <top>0</top>
    </coordinates>
    <controls>
        
        <!-- Settings Dialog -->
        <control type="group">            
            <control type="group">
                <width>1820</width>
                <height>930</height>
                <centerleft>50%</centerleft>
                <centertop>50%</centertop>    
                
                <control type="image">
                    <texture border="16" colordiffuse="dialog_bg_100">common/rounded-dialog.png</texture>
                </control>
                
                <!-- Header -->
                <control type="label">
                    <include>Dialog_Standard_Header</include>
                    <label>Settings - Provider Manager</label>
                </control>
            </control>
            
            <!-- Shortcut Panel -->
            <control type="group" id="4000">
                <left>50</left>
                <top>195</top>
                <width>400</width>
               
                <control type="grouplist">
                    <onright>SetFocus(2000)</onright>
                    
                    <itemgap>0</itemgap>
                    
                    <control type="button" id="3009">
                        <include>Dialog_Standard_Button</include>
                        <label>Install Package</label>
                    </control>
                    <control type="button" id="3010">
                        <include>Dialog_Standard_Button</include>
                        <label>Uninstall Package</label>
                    </control>
                    <control type="button" id="3007">
                        <include>Dialog_Standard_Button</include>
                        <label>Enable Package</label>
                    </control>
                    <control type="button" id="3008">
                        <include>Dialog_Standard_Button</include>
                        <label>Disable Package</label>
                    </control>
                    <control type="button" id="3001">
                        <include>Dialog_Standard_Button</include>
                        <label>Enable All Hosters</label>
                    </control>
                    <control type="button" id="3002">
                        <include>Dialog_Standard_Button</include>
                        <label>Enable All Torrents</label>
                    </control>
                    <control type="button" id="3003">
                        <include>Dialog_Standard_Button</include>
                        <label>Disable All Hosters</label>
                    </control>
                    <control type="button" id="3004">
                        <include>Dialog_Standard_Button</include>
                        <label>Disable All Torrents</label>
                    </control>
                    <control type="button" id="3005">
                        <include>Dialog_Standard_Button</include>
                        <label>Enable All</label>
                    </control>
                    <control type="button" id="3006">
                        <include>Dialog_Standard_Button</include>
                        <label>Disable All</label>
                    </control>
                </control>
            </control>
            
            <!-- Separator -->
            <control type="image">
                <top>195</top>
                <left>450</left>
                <width>1</width>
                <height>780</height>
                <texture colordiffuse="dialog_fg_12">common/white.png</texture>
            </control>
            
            <!-- Package Panel -->
            <control type="group">
                <top>195</top>
                <left>450</left>
                <width>710</width>
                <height>780</height>
                
                <!-- Header -->
                <control type="label">
                    <aligny>top</aligny>
                    <top>45</top>
                    <left>30</left>
                    <font>font_hintlabel</font>
                    <textcolor>dialog_fg_70</textcolor>
                    <label>Installed Packages</label>
                </control>

                <!-- List -->
                <control type="list" id="2000">
                    <top>78</top>
                    <orientation>vertical</orientation>
                    <focusposition>1</focusposition>
                    <onright>SetFocus(2001)</onright>
                    <onleft>SetFocus(4000)</onleft>
                    
                    <itemlayout height="item_list_height">
                        <control type="label">
                            <left>30</left>
                            <centertop>50%</centertop>
                            <textcolor>dialog_fg_70</textcolor>
                            <label>$INFO[ListItem.Label]</label>
                            <visible>String.Contains(Skin.CurrentColourTheme, Dark)</visible>
                        </control>
                        
                        <control type="label">
                            <right>30</right>
                            <centertop>50%</centertop>
                            <align>right</align>
                            <textcolor>dialog_fg_70</textcolor>
                            <label>$INFO[ListItem.Property(author)] - $INFO[ListItem.Property(version)]</label>
                            <visible>String.Contains(Skin.CurrentColourTheme, Dark)</visible>
                        </control>
                        
                        <control type="label">
                            <left>30</left>
                            <centertop>50%</centertop>
                            <textcolor>dialog_fg_70</textcolor>
                            <label>$INFO[ListItem.Label]</label>
                            <visible>!String.Contains(Skin.CurrentColourTheme, Dark)</visible>
                        </control>
                        
                        <control type="label">
                            <right>30</right>
                            <centertop>50%</centertop>
                            <align>right</align>
                            <textcolor>dialog_fg_70</textcolor>
                            <label>$INFO[ListItem.Property(author)] - $INFO[ListItem.Property(version)]</label>
                            <visible>!String.Contains(Skin.CurrentColourTheme, Dark)</visible>
                        </control>
                    </itemlayout>
                    
                    <focusedlayout height="item_list_height">
                        <control type="image">
                            <width>100%</width>
                            <height>100%</height>
                            <texture>$INFO[Window().Property(texture.white)]</texture>
                            <colordiffuse>$VAR[ColorHighlight]</colordiffuse>
                        </control>
                        
                        <control type="label">
                            <left>30</left>
                            <textcolor>dialog_fg_100</textcolor>
                            <label>$INFO[ListItem.Label]</label>
                            <visible>String.Contains(Skin.CurrentColourTheme, Dark)</visible>
                        </control>
                        
                        <control type="label">
                            <right>30</right>
                            <centertop>50%</centertop>
                            <align>right</align>
                            <textcolor>dialog_fg_100</textcolor>
                            <label>$INFO[ListItem.Property(author)] - $INFO[ListItem.Property(version)]</label>
                            <visible>String.Contains(Skin.CurrentColourTheme, Dark)</visible>
                        </control>
                        
                        <control type="label">
                            <left>30</left>
                            <textcolor>dialog_bg_100</textcolor>
                            <label>$INFO[ListItem.Label]</label>
                            <visible>!String.Contains(Skin.CurrentColourTheme, Dark)</visible>
                        </control>
                        
                        <control type="label">
                            <right>30</right>
                            <centertop>50%</centertop>
                            <align>right</align>
                            <textcolor>dialog_bg_100</textcolor>
                            <label>$INFO[ListItem.Property(author)] - $INFO[ListItem.Property(version)]</label>
                            <visible>!String.Contains(Skin.CurrentColourTheme, Dark)</visible>
                        </control>
                    </focusedlayout>
                </control>
            </control>
            
            <!-- Separator -->
            <control type="image">
                <top>195</top>
                <left>1160</left>
                <width>1</width>
                <height>780</height>
                <texture colordiffuse="dialog_fg_12">common/white.png</texture>
            </control>
            
            <!-- Provider Panel -->
            <control type="group">
                <top>195</top>
                <left>1160</left>
                <width>710</width>
                <height>780</height>

                <!-- Header -->
                <control type="label">
                    <aligny>top</aligny>
                    <top>45</top>
                    <left>30</left>
                    <font>font_hintlabel</font>
                    <textcolor>dialog_fg_70</textcolor>
                    <label>Package Providers</label>
                </control>

                <!-- List -->
                <control type="list" id="2001">
                    <top>78</top>
                    <orientation>vertical</orientation>
                    <focusposition>1</focusposition>
                    <onleft>SetFocus(2000)</onleft>

                    <!-- Unfocused Item -->
                    <itemlayout height="item_list_height">
                        
                        <!-- Provider Label -->
                        <control type="label">
                            <left>30</left>
                            <centertop>50%</centertop>
                            <textcolor>dialog_fg_70</textcolor>
                            <label>[UPPERCASE]$INFO[ListItem.Label][/UPPERCASE]</label>
                            <visible>String.Contains(Skin.CurrentColourTheme, Dark)</visible>
                        </control>
                        
                        <!-- Enabled Status -->
                        <control type="label">
                            <right>30</right>
                            <centertop>50%</centertop>
                            <align>right</align>
                            <textcolor>dialog_fg_70</textcolor>
                            <label>[CAPITALIZE]$INFO[ListItem.Property(provider_type)][/CAPITALIZE] - [COLOR lawngreen][CAPITALIZE]$INFO[ListItem.Property(status)][/CAPITALIZE][/COLOR]</label>
                            <visible>String.IsEqual(ListItem.Property(status), enabled) + String.Contains(Skin.CurrentColourTheme, Dark)</visible>
                        </control>
                        
                        <!-- Disabled Status -->
                        <control type="label">
                            <right>30</right>
                            <centertop>50%</centertop>
                            <align>right</align>
                            <textcolor>dialog_fg_70</textcolor>
                            <label>[CAPITALIZE]$INFO[ListItem.Property(provider_type)][/CAPITALIZE] - [COLOR crimson][CAPITALIZE]$INFO[ListItem.Property(status)][/CAPITALIZE][/COLOR]</label>
                            <visible>String.IsEqual(ListItem.Property(status), disabled) + String.Contains(Skin.CurrentColourTheme, Dark)</visible>
                        </control>
                        
                        <!-- Provider Label -->
                        <control type="label">
                            <left>30</left>
                            <centertop>50%</centertop>
                            <textcolor>dialog_fg_70</textcolor>
                            <label>[UPPERCASE]$INFO[ListItem.Label][/UPPERCASE]</label>
                            <visible>!String.Contains(Skin.CurrentColourTheme, Dark)</visible>
                        </control>
                        
                        <!-- Enabled Status -->
                        <control type="label">
                            <right>30</right>
                            <centertop>50%</centertop>
                            <align>right</align>
                            <textcolor>dialog_fg_70</textcolor>
                            <label>[CAPITALIZE]$INFO[ListItem.Property(provider_type)][/CAPITALIZE] - [COLOR darkgreen][CAPITALIZE]$INFO[ListItem.Property(status)][/CAPITALIZE][/COLOR]</label>
                            <visible>String.IsEqual(ListItem.Property(status), enabled) + !String.Contains(Skin.CurrentColourTheme, Dark)</visible>
                        </control>
                        
                        <!-- Disabled Status -->
                        <control type="label">
                            <right>30</right>
                            <centertop>50%</centertop>
                            <align>right</align>
                            <textcolor>dialog_fg_70</textcolor>
                            <label>[CAPITALIZE]$INFO[ListItem.Property(provider_type)][/CAPITALIZE] - [COLOR crimson][CAPITALIZE]$INFO[ListItem.Property(status)][/CAPITALIZE][/COLOR]</label>
                            <visible>String.IsEqual(ListItem.Property(status), disabled) + !String.Contains(Skin.CurrentColourTheme, Dark)</visible>
                        </control>
                    </itemlayout>
                    
                    <!-- Focused Item -->
                    <focusedlayout height="item_list_height">
                        
                        <!-- Highlight -->
                        <control type="image">
                            <width>100%</width>
                            <height>100%</height>
                            <texture>$INFO[Window().Property(texture.white)]</texture>
                            <visible>Control.HasFocus(2001)</visible>
                            <colordiffuse>$VAR[ColorHighlight]</colordiffuse>
                        </control>
                        
                        <!-- Provider Label -->
                        <control type="label">
                            <left>30</left>
                            <centertop>50%</centertop>
                            <textcolor>dialog_fg_70</textcolor>
                            <visible>!Control.HasFocus(2001) + String.Contains(Skin.CurrentColourTheme, Dark)</visible>
                            <label>[UPPERCASE]$INFO[ListItem.Label][/UPPERCASE]</label>
                        </control>
                        
                        <!-- Provider Label -->
                        <control type="label">
                            <left>30</left>
                            <centertop>50%</centertop>
                            <textcolor>dialog_fg_100</textcolor>
                            <visible>Control.HasFocus(2001) + String.Contains(Skin.CurrentColourTheme, Dark)</visible>
                            <label>[UPPERCASE]$INFO[ListItem.Label][/UPPERCASE]</label>
                        </control>
                        
                        <!-- Enabled Status -->
                        <control type="label">
                            <right>30</right>
                            <centertop>50%</centertop>
                            <align>right</align>
                            <textcolor>dialog_fg_70</textcolor>
                            <label>[CAPITALIZE]$INFO[ListItem.Property(provider_type)][/CAPITALIZE] - [COLOR lawngreen][CAPITALIZE]$INFO[ListItem.Property(status)][/CAPITALIZE][/COLOR]</label>
                            <visible>String.IsEqual(ListItem.Property(status), enabled) + !Control.HasFocus(2001) + String.Contains(Skin.CurrentColourTheme, Dark)</visible>
                        </control>
                        
                        <!-- Disabled Status -->
                        <control type="label">
                            <right>30</right>
                            <centertop>50%</centertop>
                            <align>right</align>
                            <textcolor>dialog_fg_70</textcolor>
                            <label>[CAPITALIZE]$INFO[ListItem.Property(provider_type)][/CAPITALIZE] - [COLOR crimson][CAPITALIZE]$INFO[ListItem.Property(status)][/CAPITALIZE][/COLOR]</label>
                            <visible>String.IsEqual(ListItem.Property(status), disabled) + !Control.HasFocus(2001) + String.Contains(Skin.CurrentColourTheme, Dark)</visible>
                        </control>
                        
                        <!-- Status -->
                        <control type="label">
                            <right>30</right>
                            <centertop>50%</centertop>
                            <align>right</align>
                            <textcolor>dialog_fg_100</textcolor>
                            <label>[CAPITALIZE]$INFO[ListItem.Property(provider_type)][/CAPITALIZE] - [CAPITALIZE]$INFO[ListItem.Property(status)][/CAPITALIZE]</label>
                            <visible>Control.HasFocus(2001) + String.Contains(Skin.CurrentColourTheme, Dark)</visible>
                        </control>
                        
                        <!-- Provider Label -->
                        <control type="label">
                            <left>30</left>
                            <centertop>50%</centertop>
                            <textcolor>dialog_fg_70</textcolor>
                            <visible>!Control.HasFocus(2001) + !String.Contains(Skin.CurrentColourTheme, Dark)</visible>
                            <label>[UPPERCASE]$INFO[ListItem.Label][/UPPERCASE]</label>
                        </control>
                        
                        <!-- Provider Label -->
                        <control type="label">
                            <left>30</left>
                            <centertop>50%</centertop>
                            <textcolor>dialog_bg_100</textcolor>
                            <visible>Control.HasFocus(2001) + !String.Contains(Skin.CurrentColourTheme, Dark)</visible>
                            <label>[UPPERCASE]$INFO[ListItem.Label][/UPPERCASE]</label>
                        </control>
                        
                        <!-- Enabled Status -->
                        <control type="label">
                            <right>30</right>
                            <centertop>50%</centertop>
                            <align>right</align>
                            <textcolor>dialog_fg_70</textcolor>
                            <label>[CAPITALIZE]$INFO[ListItem.Property(provider_type)][/CAPITALIZE] - [COLOR darkgreen][CAPITALIZE]$INFO[ListItem.Property(status)][/CAPITALIZE][/COLOR]</label>
                            <visible>String.IsEqual(ListItem.Property(status), enabled) + !Control.HasFocus(2001) + !String.Contains(Skin.CurrentColourTheme, Dark)</visible>
                        </control>
                        
                        <!-- Disabled Status -->
                        <control type="label">
                            <right>30</right>
                            <centertop>50%</centertop>
                            <align>right</align>
                            <textcolor>dialog_fg_70</textcolor>
                            <label>[CAPITALIZE]$INFO[ListItem.Property(provider_type)][/CAPITALIZE] - [COLOR crimson][CAPITALIZE]$INFO[ListItem.Property(status)][/CAPITALIZE][/COLOR]</label>
                            <visible>String.IsEqual(ListItem.Property(status), disabled) + !Control.HasFocus(2001) + !String.Contains(Skin.CurrentColourTheme, Dark)</visible>
                        </control>
                        
                        <!-- Status -->
                        <control type="label">
                            <right>30</right>
                            <centertop>50%</centertop>
                            <align>right</align>
                            <textcolor>dialog_bg_100</textcolor>
                            <label>[CAPITALIZE]$INFO[ListItem.Property(provider_type)][/CAPITALIZE] - [CAPITALIZE]$INFO[ListItem.Property(status)][/CAPITALIZE]</label>
                            <visible>Control.HasFocus(2001) + !String.Contains(Skin.CurrentColourTheme, Dark)</visible>
                        </control>
                    </focusedlayout>
                </control>
            </control>
        </control>
    </controls>
</window>